{
  "excluded_corruptions": [
    "saturate",
    "spatter"
  ],
  "overall_averages": {
    "normal": {
      "mean": 51.88789463901649,
      "std": 13.027088029462119,
      "min": 36.50327925440111,
      "max": 71.03900586813945,
      "count": 13
    },
    "tent": {
      "mean": 54.042643583547964,
      "std": 12.782005285956128,
      "min": 39.212978943734896,
      "max": 73.80048325854332,
      "count": 13
    },
    "proto_imp_conf_v1": {
      "mean": 60.03027004062558,
      "std": 10.600321272983624,
      "min": 42.99275112185019,
      "max": 75.02588885053504,
      "count": 13
    },
    "proto_imp_conf_v2": {
      "mean": 59.33990069302462,
      "std": 10.846509915407182,
      "min": 42.07801173627891,
      "max": 74.88781498101484,
      "count": 13
    },
    "proto_imp_conf_v3": {
      "mean": 60.093996441942586,
      "std": 10.590927005137784,
      "min": 43.02726958923024,
      "max": 74.99137038315499,
      "count": 13
    },
    "loss": {
      "mean": 56.01683439101457,
      "std": 12.768148285539644,
      "min": 37.090093199861926,
      "max": 74.43907490507421,
      "count": 13
    },
    "eata": {
      "mean": 58.88717771700167,
      "std": 10.837254240867496,
      "min": 41.542975491888164,
      "max": 74.74974111149464,
      "count": 13
    },
    "sar": {
      "mean": 52.51852048538276,
      "std": 12.754918556328537,
      "min": 38.367276492923715,
      "max": 71.36693130824992,
      "count": 13
    }
  },
  "category_averages": {
    "normal": {
      "Noise": {
        "mean": 40.54193993786676,
        "std": 4.892848161048945,
        "count": 4
      },
      "Blur": {
        "mean": 40.921643079047286,
        "std": 1.9157749395926822,
        "count": 2
      },
      "Weather": {
        "mean": 58.060062133241274,
        "std": 10.81316358104221,
        "count": 3
      },
      "Digital": {
        "mean": 64.08784949948222,
        "std": 8.473619138577979,
        "count": 4
      }
    },
    "tent": {
      "Noise": {
        "mean": 43.18260269244046,
        "std": 2.50666231993894,
        "count": 4
      },
      "Blur": {
        "mean": 40.352088367276494,
        "std": 1.1391094235415928,
        "count": 2
      },
      "Weather": {
        "mean": 61.71326659762973,
        "std": 9.13001317943216,
        "count": 3
      },
      "Digital": {
        "mean": 65.99499482222988,
        "std": 7.930334994990411,
        "count": 4
      }
    },
    "proto_imp_conf_v1": {
      "Noise": {
        "mean": 55.622195374525376,
        "std": 5.392486958449223,
        "count": 4
      },
      "Blur": {
        "mean": 44.65826717293753,
        "std": 1.665516051087332,
        "count": 2
      },
      "Weather": {
        "mean": 65.66563111264526,
        "std": 8.983651732077545,
        "count": 3
      },
      "Digital": {
        "mean": 67.89782533655506,
        "std": 7.134423191034206,
        "count": 4
      }
    },
    "proto_imp_conf_v2": {
      "Noise": {
        "mean": 54.29323438039351,
        "std": 5.192023515251656,
        "count": 4
      },
      "Blur": {
        "mean": 43.985157059026584,
        "std": 1.9071453227476693,
        "count": 2
      },
      "Weather": {
        "mean": 65.19963180301461,
        "std": 8.807986684991546,
        "count": 3
      },
      "Digital": {
        "mean": 67.66914049016223,
        "std": 7.543828964917091,
        "count": 4
      }
    },
    "proto_imp_conf_v3": {
      "Noise": {
        "mean": 55.751639627200554,
        "std": 5.333834513123157,
        "count": 4
      },
      "Blur": {
        "mean": 44.72730410769762,
        "std": 1.7000345184673804,
        "count": 2
      },
      "Weather": {
        "mean": 65.66563111264526,
        "std": 9.072529056383257,
        "count": 3
      },
      "Digital": {
        "mean": 67.94097342078011,
        "std": 7.150953750969191,
        "count": 4
      }
    },
    "loss": {
      "Noise": {
        "mean": 48.30859509837763,
        "std": 7.225530310564091,
        "count": 4
      },
      "Blur": {
        "mean": 39.43734898170521,
        "std": 2.3472557818432853,
        "count": 2
      },
      "Weather": {
        "mean": 62.973190657001496,
        "std": 9.759892756971471,
        "count": 3
      },
      "Digital": {
        "mean": 66.79754918881602,
        "std": 7.3522043874856005,
        "count": 4
      }
    },
    "eata": {
      "Noise": {
        "mean": 53.65032792544011,
        "std": 4.521301607066597,
        "count": 4
      },
      "Blur": {
        "mean": 43.32930617880566,
        "std": 1.7863306869175006,
        "count": 2
      },
      "Weather": {
        "mean": 65.15936025773789,
        "std": 8.92716054961997,
        "count": 3
      },
      "Digital": {
        "mean": 67.19882637210908,
        "std": 7.270107767305777,
        "count": 4
      }
    },
    "sar": {
      "Noise": {
        "mean": 42.237659647911634,
        "std": 4.199660912315171,
        "count": 4
      },
      "Blur": {
        "mean": 40.73179150845703,
        "std": 2.2437003797031427,
        "count": 2
      },
      "Weather": {
        "mean": 59.31998619261305,
        "std": 10.446338027609341,
        "count": 3
      },
      "Digital": {
        "mean": 63.59164653089403,
        "std": 9.709193379098993,
        "count": 4
      }
    }
  }
}