{
  "timestamp": "2025-12-06T00:02:25.506989",
  "clean_results": {},
  "corruption_results": {
    "normal": {
      "gaussian_noise": {
        "2": 0.783569209527097,
        "3": 0.6941663790127718,
        "4": 0.5610976872626855,
        "5": 0.37245426303072143
      }
    },
    "tent": {
      "gaussian_noise": {
        "2": 0.7844321712115983,
        "3": 0.6950293406972731,
        "4": 0.583534691059717,
        "5": 0.45132896099413183
      }
    },
    "loss": {
      "gaussian_noise": {
        "2": 0.767863306869175,
        "3": 0.710735243355195,
        "4": 0.5871591301346221,
        "5": 0.25681739730755954
      }
    }
  },
  "metrics": {
    "normal": {
      "mean_accuracy": 0.602821884708319,
      "std_accuracy": 0.15477690544680428,
      "min_accuracy": 0.37245426303072143,
      "max_accuracy": 0.783569209527097,
      "corruption_means": {
        "gaussian_noise": 0.602821884708319
      }
    },
    "tent": {
      "mean_accuracy": 0.6285812909906802,
      "std_accuracy": 0.12465194024762542,
      "min_accuracy": 0.45132896099413183,
      "max_accuracy": 0.7844321712115983,
      "corruption_means": {
        "gaussian_noise": 0.6285812909906802
      }
    },
    "loss": {
      "mean_accuracy": 0.5806437694166379,
      "std_accuracy": 0.19804097807907142,
      "min_accuracy": 0.25681739730755954,
      "max_accuracy": 0.767863306869175,
      "corruption_means": {
        "gaussian_noise": 0.5806437694166379
      }
    }
  }
}